ITEM,ITEMS
"Sticker | Cloud9 (Glitter) | Copenhagen 2024", "Cloud9, Cloudnine, Cloud Nine, CloudNin, CloudN9, Cloude9, CloudeNine, CloudeNin, CloudeN9, Clod9, ClodNine, ClodNin, ClodN9, Cloude9, CloudeNine, CloudeNin, CloudeN9, Clod9, ClodNine, ClodNin, ClodN9, Cloude9, CloudeNine, CloudeNin, CloudeN9, Clod9, ClodNine, ClodNin, ClodN9, Cloude9, CloudeNine, CloudeNin, CloudeN9, Clod9, ClodNine, ClodNin, ClodN9, Cloude9, CloudeNine, CloudeNin, CloudeN9, Clod9, ClodNine, ClodNin, ClodN9, Cloude9, CloudeNine, CloudeNin, CloudeN9, Clod9, ClodNine"
"P250 | Franklin (Field-Tested)", "Franklin, Frankln, Franklyn, Frankin, Franclin, Franklinn, Franklinn, Franklinn, Franklinn, Franklinn, Franklinn, Franklinn, Franklinn, Franklinn, Franklinn, Franklinn, Franklinn, Franklinn, Franklinn, Franklinn, Franklinn, Franklinn, Franklinn, Franklinn, Franklinn, Franklinn, Franklinn, Franklinn, Franklinn, Franklinn, Franklinn, Franklinn, Franklinn, Franklinn, Franklinn, Franklinn, Franklinn, Franklinn, Franklinn, Franklinn, Franklinn, Franklinn, Franklinn, Franklinn, Franklinn, Franklinn, Franklinn, Franklinn, Franklinn, Franklinn, Franklinn"
"R8 Revolver | Amber Fade (Field-Tested)", "Amber Fade, Amber Fad, Ambr Fade, Amber Fde, Amber Fad, Ambr Fde, Amber Fdae, Amber Fad, Ambr Fdae, Amber Fdae, Amber Fad, Ambr Fdae, Amber Fdae, Amber Fad, Ambr Fdae, Amber Fdae, Amber Fad, Ambr Fdae, Amber Fdae, Amber Fad, Ambr Fdae, Amber Fdae, Amber Fad, Ambr Fdae, Amber Fdae, Amber Fad, Ambr Fdae, Amber Fdae, Amber Fad, Ambr Fdae, Amber Fdae, Amber Fad, Ambr Fdae, Amber Fdae, Amber Fad, Ambr Fdae, Amber Fdae, Amber Fad, Ambr Fdae, Amber Fdae, Amber Fad, Ambr Fdae, Amber Fdae, Amber Fad, Ambr Fdae, Amber Fdae, Amber Fad, Ambr Fdae, Amber Fdae, Amber Fad, Ambr Fdae"
"G3SG1 | Dream Glade (Minimal Wear)", "Dream Glade, Dream Glad, Drem Glade, Dream Glade, Dream Glade, Drem Glade, Dream Glade, Dream Glade, Drem Glade, Dream Glade, Dream Glade, Drem Glade, Dream Glade, Dream Glade, Drem Glade, Dream Glade, Dream Glade, Drem Glade, Dream Glade, Dream Glade, Drem Glade, Dream Glade, Dream Glade, Drem Glade, Dream Glade, Dream Glade, Drem Glade, Dream Glade, Dream Glade, Drem Glade, Dream Glade, Dream Glade, Drem Glade, Dream Glade, Dream Glade, Drem Glade, Dream Glade, Dream Glade, Drem Glade, Dream Glade, Dream Glade, Drem Glade, Dream Glade, Dream Glade, Drem Glade, Dream Glade, Dream Glade, Drem Glade, Dream Glade, Dream Glade, Drem Glade"
"M4A4 | Converter (Factory New)", "Converter, Convertor, Converer, Converetr, Convertee, Converotr, Converotr, Converotr, Converotr, Converotr, Converotr, Converotr, Converotr, Converotr, Converotr, Converotr, Converotr, Converotr, Converotr, Converotr, Converotr, Converotr, Converotr, Converotr, Converotr, Converotr, Converotr, Converotr, Converotr, Converotr, Converotr, Converotr, Converotr, Converotr, Converotr, Converotr, Converotr, Converotr, Converotr, Converotr, Converotr, Converotr, Converotr, Converotr, Converotr, Converotr, Converotr, Converotr, Converotr, Converotr"
"XM1014 | Zombie Offensive (Factory New)", "Zombie Offensive, Zombi Offensive, Zombie Ofensive, Zombie Offencive, Zombie Offencive, Zombie Offencive, Zombie Offencive, Zombie Offencive, Zombie Offencive, Zombie Offencive, Zombie Offencive, Zombie Offencive, Zombie Offencive, Zombie Offencive, Zombie Offencive, Zombie Offencive, Zombie Offencive, Zombie Offencive, Zombie Offencive, Zombie Offencive, Zombie Offencive, Zombie Offencive, Zombie Offencive, Zombie Offencive, Zombie Offencive, Zombie Offencive, Zombie Offencive, Zombie Offencive, Zombie Offencive, Zombie Offencive, Zombie Offencive, Zombie Offencive, Zombie Offencive, Zombie Offencive, Zombie Offencive, Zombie Offencive, Zombie Offencive, Zombie Offencive, Zombie Offencive, Zombie Offencive, Zombie Offencive, Zombie Offencive, Zombie Offencive, Zombie Offencive, Zombie Offencive, Zombie Offencive, Zombie Offencive, Zombie Offencive, Zombie Offencive, Zombie Offencive"
"Sticker | Lynn Vision (Glitter) | Copenhagen 2024","Lynn Vision, Lyn Vision, Lynn Vison, Lynn Vission, Lynn Vission, Lynn Vission, Lynn Vission, Lynn Vission, Lynn Vission, Lynn Vission, Lynn Vission, Lynn Vission, Lynn Vission, Lynn Vission, Lynn Vission, Lynn Vission, Lynn Vission, Lynn Vission, Lynn Vission, Lynn Vission, Lynn Vission, Lynn Vission, Lynn Vission, Lynn Vission, Lynn Vission, Lynn Vission, Lynn Vission, Lynn Vission, Lynn Vission, Lynn Vission, Lynn Vission, Lynn Vission, Lynn Vission, Lynn Vission, Lynn Vission, Lynn Vission, Lynn Vission, Lynn Vission, Lynn Vission, Lynn Vission, Lynn Vission, Lynn Vission, Lynn Vission, Lynn Vission, Lynn Vission, Lynn Vission, Lynn Vission, Lynn Vission, Lynn Vission, Lynn Vission"
"Dual Berettas | Melondrama (Well-Worn)","Melondrama, Melondramma, Melondramma, Melondramma, Melondramma, Melondramma, Melondramma, Melondramma, Melondramma, Melondramma, Melondramma, Melondramma, Melondramma, Melondramma, Melondramma, Melondramma, Melondramma, Melondramma, Melondramma, Melondramma, Melondramma, Melondramma, Melondramma, Melondramma, Melondramma, Melondramma, Melondramma, Melondramma, Melondramma, Melondramma, Melondramma, Melondramma, Melondramma, Melondramma, Melondramma, Melondramma, Melondramma, Melondramma, Melondramma, Melondramma, Melondramma, Melondramma, Melondramma, Melondramma, Melondramma, Melondramma, Melondramma, Melondramma, Melondramma, Melondramma"
"M4A1-S | Night Terror (Factory New)", "Night Terror, Night Teror, Night Terrror, Night Terorr, Night Terro, Night Terorr, Night Terro, Night Terorr, Night Terro, Night Terorr, Night Terro, Night Terorr, Night Terro, Night Terorr, Night Terro, Night Terorr, Night Terro, Night Terorr, Night Terro, Night Terorr, Night Terro, Night Terorr, Night Terro, Night Terorr, Night Terro, Night Terorr, Night Terro, Night Terorr, Night Terro, Night Terorr, Night Terro, Night Terorr, Night Terro, Night Terorr, Night Terro, Night Terorr, Night Terro, Night Terorr, Night Terro, Night Terorr, Night Terro, Night Terorr, Night Terro, Night Terorr, Night Terro, Night Terorr, Night Terro, Night Terorr, Night Terro, Night Terorr"
"Rezan the Redshirt | Sabre", "Sabre, Saber, Sabere, Rezan the Redshirt, Rezan the Redshrt, Rezan the Redshrit, Rezan the Redshrit, Rezan the Redshrit, Rezan the Redshrit, Rezan the Redshrit, Rezan the Redshrit, Rezan the Redshrit, Rezan the Redshrit, Rezan the Redshrit, Rezan the Redshrit, Rezan the Redshrit, Rezan the Redshrit, Rezan the Redshrit, Rezan the Redshrit, Rezan the Redshrit, Rezan the Redshrit, Rezan the Redshrit, Rezan the Redshrit, Rezan the Redshrit, Rezan the Redshrit, Rezan the Redshrit, Rezan the Redshrit, Rezan the Redshrit, Rezan the Redshrit, Rezan the Redshrit, Rezan the Redshrit, Rezan the Redshrit, Rezan the Redshrit, Rezan the Redshrit, Rezan the Redshrit, Rezan the Redshrit, Rezan the Redshrit, Rezan the Redshrit, Rezan the Redshrit, Rezan the Redshrit, Rezan the Redshrit, Rezan the Redshrit, Rezan the Redshrit, Rezan the Redshrit, Rezan the Redshrit, Rezan the Redshrit, Rezan the Redshrit, Rezan the Redshrit, Rezan the Redshrit, Rezan the Redshrit, Rezan the Redshrit, Rezan the Redshrit, Rezan the Redshrit, Sabre"
"UMP-45 | Moonrise (Minimal Wear)", "Moonrise, Monrise, Moonrize, Moonrse, Moonrize, Moonrse, Moonrize, Moonrse, Moonrize, Moonrse, Moonrize, Moonrse, Moonrize, Moonrse, Moonrize, Moonrse, Moonrize, Moonrse, Moonrize, Moonrse, Moonrize, Moonrse, Moonrize, Moonrse, Moonrize, Moonrse, Moonrize, Moonrse, Moonrize, Moonrse, Moonrize, Moonrse, Moonrize, Moonrse, Moonrize, Moonrse, Moonrize, Moonrse, Moonrize, Moonrse, Moonrize, Moonrse, Moonrize, Moonrse, Moonrize, Moonrse, Moonrize, Moonrse, Moonrize, Moonrse, Moonrize"
"PP-Bizon | Space Cat (Factory New)", "Space Cat, Space Kat, Spase Cat, Spase Kat, Spase Cat, Spase Kat, Spase Cat, Spase Kat, Spase Cat, Spase Kat, Spase Cat, Spase Kat, Spase Cat, Spase Kat, Spase Cat, Spase Kat, Spase Cat, Spase Kat, Spase Cat, Spase Kat, Spase Cat, Spase Kat, Spase Cat, Spase Kat, Spase Cat, Spase Kat, Spase Cat, Spase Kat, Spase Cat, Spase Kat, Spase Cat, Spase Kat, Spase Cat, Spase Kat, Spase Cat, Spase Kat, Spase Cat, Spase Kat, Spase Cat, Spase Kat, Spase Cat, Spase Kat, Spase Cat, Spase Kat, Spase Cat, Spase Kat, Spase Cat, Spase Kat, Spase Cat, Spase Kat"
"PP-Bizon | Space Cat (Minimal Wear)", "Space Cat, Space Kat, Spase Cat, Spase Kat, Spase Cat, Spase Kat, Spase Cat, Spase Kat, Spase Cat, Spase Kat, Spase Cat, Spase Kat, Spase Cat, Spase Kat, Spase Cat, Spase Kat, Spase Cat, Spase Kat, Spase Cat, Spase Kat, Spase Cat, Spase Kat, Spase Cat, Spase Kat, Spase Cat, Spase Kat, Spase Cat, Spase Kat, Spase Cat, Spase Kat, Spase Cat, Spase Kat, Spase Cat, Spase Kat, Spase Cat, Spase Kat, Spase Cat, Spase Kat, Spase Cat, Spase Kat, Spase Cat, Spase Kat, Spase Cat, Spase Kat, Spase Cat, Spase Kat, Spase Cat, Spase Kat, Spase Cat, Spase Kat"
"R8 Revolver | Amber Fade (Minimal Wear)", "Amber Fade, Amber Fad, Amber Faid, Amber Faed, Amber Fadde, Amber Fad, Amber Faid, Amber Faed, Amber Fadde, Amber Fad, Amber Faid, Amber Faed, Amber Fadde, Amber Fad, Amber Faid, Amber Faed, Amber Fadde, Amber Fad, Amber Faid, Amber Faed, Amber Fadde, Amber Fad, Amber Faid, Amber Faed, Amber Fadde, Amber Fad, Amber Faid, Amber Faed, Amber Fadde, Amber Fad, Amber Faid, Amber Faed, Amber Fadde, Amber Fad, Amber Faid, Amber Faed, Amber Fadde, Amber Fad, Amber Faid, Amber Faed, Amber Fadde, Amber Fad, Amber Faid, Amber Faed, Amber Fadde, Amber Fad, Amber Faid, Amber Faed, Amber Fadde, Amber Fad"
"Michael Syfers  | FBI Sniper","Michael Syfers, Micheal Syfers, Michael Sifers, Michael Syfer, Michael Syferss, Michael Syfers, Micheal Syfers, Michael Sifers, Michael Syfer, Michael Syferss, Michael Syfers, Micheal Syfers, Michael Sifers, Michael Syfer, Michael Syferss, Michael Syfers, Micheal Syfers, Michael Sifers, Michael Syfer, Michael Syferss, Michael Syfers, Micheal Syfers, Michael Sifers, Michael Syfer, Michael Syferss, Michael Syfers, Micheal Syfers, Michael Sifers, Michael Syfer, Michael Syferss, Michael Syfers, Micheal Syfers, Michael Sifers, Michael Syfer, Michael Syferss, Michael Syfers, Micheal Syfers, Michael Sifers, Michael Syfer, Michael Syferss, Michael Syfers, Micheal Syfers, Michael Sifers, Michael Syfer, Michael Syferss, Michael Syfers, Micheal Syfers, Michael Sifers, Michael Syfer, Michael Syferss"
"XM1014 | Zombie Offensive (Minimal Wear)", "Zombie Offensive, Zombi Offensive, Zombie Ofensive, Zombie Offencive, Zombie Offencive, Zombie Offencive, Zombie Offencive, Zombie Offencive, Zombie Offencive, Zombie Offencive, Zombie Offencive, Zombie Offencive, Zombie Offencive, Zombie Offencive, Zombie Offencive, Zombie Offencive, Zombie Offencive, Zombie Offencive, Zombie Offencive, Zombie Offencive, Zombie Offencive, Zombie Offencive, Zombie Offencive, Zombie Offencive, Zombie Offencive, Zombie Offencive, Zombie Offencive, Zombie Offencive, Zombie Offencive, Zombie Offencive, Zombie Offencive, Zombie Offencive, Zombie Offencive, Zombie Offencive, Zombie Offencive, Zombie Offencive, Zombie Offencive, Zombie Offencive, Zombie Offencive, Zombie Offencive, Zombie Offencive, Zombie Offencive, Zombie Offencive, Zombie Offencive, Zombie Offencive, Zombie Offencive, Zombie Offencive, Zombie Offencive, Zombie Offencive, Zombie Offencive"
"MP7 | Abyssal Apparition (Well-Worn)", "Abyssal Apparition, Abysal Apparition, Abyssal Aparition, Abyssal Appariton, Abyssal Apparitin, Abyssal Apparitin, Abyssal Apparitin, Abyssal Apparitin, Abyssal Apparitin, Abyssal Apparitin, Abyssal Apparitin, Abyssal Apparitin, Abyssal Apparitin, Abyssal Apparitin, Abyssal Apparitin, Abyssal Apparitin, Abyssal Apparitin, Abyssal Apparitin, Abyssal Apparitin, Abyssal Apparitin, Abyssal Apparitin, Abyssal Apparitin, Abyssal Apparitin, Abyssal Apparitin, Abyssal Apparitin, Abyssal Apparitin, Abyssal Apparitin, Abyssal Apparitin, Abyssal Apparitin, Abyssal Apparitin, Abyssal Apparitin, Abyssal Apparitin, Abyssal Apparitin, Abyssal Apparitin, Abyssal Apparitin, Abyssal Apparitin, Abyssal Apparitin, Abyssal Apparitin, Abyssal Apparitin, Abyssal Apparitin, Abyssal Apparitin, Abyssal Apparitin, Abyssal Apparitin, Abyssal Apparitin, Abyssal Apparitin, Abyssal Apparitin, Abyssal Apparitin, Abyssal Apparitin, Abyssal Apparitin, Abyssal Apparitin"
"FAMAS | Rapid Eye Movement (Battle-Scarred)", "Rapid, Eye, Movement, Rapid eye, Rapid movement, Rapid move, rapid eye move, Rapid Eye Movement, Rapid Eye Movment, Rapid Eye Movemnt, Rapid Eye Movemant, Rapid Eye Movemant, Rapid Eye Movemant, Rapid Eye Movemant, Rapid Eye Movemant, Rapid Eye Movemant, Rapid Eye Movemant, Rapid Eye Movemant, Rapid Eye Movemant, Rapid Eye Movemant, Rapid Eye Movemant, Rapid Eye Movemant, Rapid Eye Movemant, Rapid Eye Movemant, Rapid Eye Movemant, Rapid Eye Movemant, Rapid Eye Movemant, Rapid Eye Movemant, Rapid Eye Movemant, Rapid Eye Movemant, Rapid Eye Movemant, Rapid Eye Movemant, Rapid Eye Movemant, Rapid Eye Movemant, Rapid Eye Movemant, Rapid Eye Movemant, Rapid Eye Movemant, Rapid Eye Movemant, Rapid Eye Movemant, Rapid Eye Movemant, Rapid Eye Movemant, Rapid Eye Movemant, Rapid Eye Movemant, Rapid Eye Movemant, Rapid Eye Movemant, Rapid Eye Movemant, Rapid Eye Movemant, Rapid Eye Movemant, Rapid Eye Movemant, Rapid Eye Movemant, Rapid Eye Movemant, Rapid Eye Movemant, Rapid Eye Movemant, Rapid Eye Movemant, Rapid Eye Movemant, Rapid Eye Movemant, Rapid Eye Movemant"
"FAMAS | Rapid Eye Movement (Well-Worn)", "Rapid, Eye, Movement, Rapid eye, Rapid movement, Rapid move, rapid eye move, Rapid Eye Movement, Rapid Eye Movment, Rapid Eye Movemnt, Rapid Eye Movemant, Rapid Eye Movemant, Rapid Eye Movemant, Rapid Eye Movemant, Rapid Eye Movemant, Rapid Eye Movemant, Rapid Eye Movemant, Rapid Eye Movemant, Rapid Eye Movemant, Rapid Eye Movemant, Rapid Eye Movemant, Rapid Eye Movemant, Rapid Eye Movemant, Rapid Eye Movemant, Rapid Eye Movemant, Rapid Eye Movemant, Rapid Eye Movemant, Rapid Eye Movemant, Rapid Eye Movemant, Rapid Eye Movemant, Rapid Eye Movemant, Rapid Eye Movemant, Rapid Eye Movemant, Rapid Eye Movemant, Rapid Eye Movemant, Rapid Eye Movemant, Rapid Eye Movemant, Rapid Eye Movemant, Rapid Eye Movemant, Rapid Eye Movemant, Rapid Eye Movemant, Rapid Eye Movemant, Rapid Eye Movemant, Rapid Eye Movemant, Rapid Eye Movemant, Rapid Eye Movemant, Rapid Eye Movemant, Rapid Eye Movemant, Rapid Eye Movemant, Rapid Eye Movemant, Rapid Eye Movemant, Rapid Eye Movemant, Rapid Eye Movemant, Rapid Eye Movemant, Rapid Eye Movemant, Rapid Eye Movemant, Rapid Eye Movemant"
"Glock-18 | Umbral Rabbit (Factory New)", "Umbral Rabbit, Umbral Rabit, Umbral Rabitt, Umbral Rabit, Umbral Rabitt, Umbral Rabit, Umbral Rabitt, Umbral Rabit, Umbral Rabitt, Umbral Rabit, Umbral Rabitt, Umbral Rabit, Umbral Rabitt, Umbral Rabit, Umbral Rabitt, Umbral Rabit, Umbral Rabitt, Umbral Rabit, Umbral Rabitt, Umbral Rabit, Umbral Rabitt, Umbral Rabit, Umbral Rabitt, Umbral Rabit, Umbral Rabitt, Umbral Rabit, Umbral Rabitt, Umbral Rabit, Umbral Rabitt, Umbral Rabit, Umbral Rabitt, Umbral Rabit, Umbral Rabitt, Umbral Rabit, Umbral Rabitt, Umbral Rabit, Umbral Rabitt, Umbral Rabit, Umbral Rabitt, Umbral Rabit, Umbral Rabitt, Umbral Rabit, Umbral Rabitt, Umbral Rabit, Umbral Rabitt, Umbral Rabit, Umbral Rabitt, Umbral Rabit, Umbral Rabitt, Umbral Rabit"
"Blackwolf | Sabre", "Blackwolf, Blackwlf, Blackwoolf, Blackwolff, Blackwoolf, Blackwolff, Blackwoolf, Blackwolff, Blackwoolf, Blackwolff, Blackwoolf, Blackwolff, Blackwoolf, Blackwolff, Blackwoolf, Blackwolff, Blackwoolf, Blackwolff, Blackwoolf, Blackwolff, Blackwoolf, Blackwolff, Blackwoolf, Blackwolff, Blackwoolf, Blackwolff, Blackwoolf, Blackwolff, Blackwoolf, Blackwolff, Blackwoolf, Blackwolff, Blackwoolf, Blackwolff, Blackwoolf, Blackwolff, Blackwoolf, Blackwolff, Blackwoolf, Blackwolff, Blackwoolf, Blackwolff, Blackwoolf, Blackwolff, Blackwoolf, Blackwolff, Blackwoolf, Blackwolff, Blackwoolf, Blackwolff"
"Rezan The Ready | Sabre", "Rezan The Ready, Rezan The Redy, Rezan The Reddy, Rezan The Readdy, Rezan The Readi, Rezan The Readie, Rezan The Reedy, Rezan The Rady, Rezan The Reday, Rezan The Readdy, Rezan The Readi, Rezan The Readie, Rezan The Reedy, Rezan The Rady, Rezan The Reday, Rezan The Readdy, Rezan The Readi, Rezan The Readie, Rezan The Reedy, Rezan The Rady, Rezan The Reday, Rezan The Readdy, Rezan The Readi, Rezan The Readie, Rezan The Reedy, Rezan The Rady, Rezan The Reday, Rezan The Readdy, Rezan The Readi, Rezan The Readie, Rezan The Reedy, Rezan The Rady, Rezan The Reday, Rezan The Readdy, Rezan The Readi, Rezan The Readie, Rezan The Reedy, Rezan The Rady, Rezan The Reday, Rezan The Readdy, Rezan The Readi, Rezan The Readie, Rezan The Reedy, Rezan The Rady, Rezan The Reday, Rezan The Readdy, Rezan The Readi, Rezan The Readie, Rezan The Reedy, Rezan The Rady"
"Dual Berettas | Melondrama (Field-Tested)","Melondrama, Melondramma, Melondram, Melondrama, Melondramma, Melondram, Melondrama, Melondramma, Melondram, Melondrama, Melondramma, Melondram, Melondrama, Melondramma, Melondram, Melondrama, Melondramma, Melondram, Melondrama, Melondramma, Melondram, Melondrama, Melondramma, Melondram, Melondrama, Melondramma, Melondram, Melondrama, Melondramma, Melondram, Melondrama, Melondramma, Melondram, Melondrama, Melondramma, Melondram, Melondrama, Melondramma, Melondram, Melondrama, Melondramma, Melondram, Melondrama, Melondramma, Melondram, Melondrama, Melondramma, Melondram, Melondrama, Melondramma"
"MP7 | Abyssal Apparition (Field-Tested)","Abyssal Apparition, Abysal Apparition, Abyssal Aparition, Abyssal Appariton, Abyssal Apparitin, Abyssal Apparition, Abysal Apparition, Abyssal Aparition, Abyssal Appariton, Abyssal Apparitin, Abyssal Apparition, Abysal Apparition, Abyssal Aparition, Abyssal Appariton, Abyssal Apparitin, Abyssal Apparition, Abysal Apparition, Abyssal Aparition, Abyssal Appariton, Abyssal Apparitin, Abyssal Apparition, Abysal Apparition, Abyssal Aparition, Abyssal Appariton, Abyssal Apparitin, Abyssal Apparition, Abysal Apparition, Abyssal Aparition, Abyssal Appariton, Abyssal Apparitin, Abyssal Apparition, Abysal Apparition, Abyssal Aparition, Abyssal Appariton, Abyssal Apparitin, Abyssal Apparition, Abysal Apparition, Abyssal Aparition, Abyssal Appariton, Abyssal Apparitin, Abyssal Apparition, Abysal Apparition, Abyssal Aparition, Abyssal Appariton, Abyssal Apparitin, Abyssal Apparition, Abysal Apparition, Abyssal Aparition, Abyssal Appariton, Abyssal Apparitin"
"The Elite Mr. Muhlik | Elite Crew","The Eite, Elite Crew, Mr Muhlik, Muhlik, Elite Mr, The Elite Mr. Muhlik, The Elite Mr. Muhlick, The Elite Mr. Mulik, The Elite Mr. Muhlic, The Elite Mr. Muhlek, The Elite Mr. Muhlik, The Elite Mr. Muhlick, The Elite Mr. Mulik, The Elite Mr. Muhlic, The Elite Mr. Muhlek, The Elite Mr. Muhlik, The Elite Mr. Muhlick, The Elite Mr. Mulik, The Elite Mr. Muhlic, The Elite Mr. Muhlek, The Elite Mr. Muhlik, The Elite Mr. Muhlick, The Elite Mr. Mulik, The Elite Mr. Muhlic, The Elite Mr. Muhlek, The Elite Mr. Muhlik, The Elite Mr. Muhlick, The Elite Mr. Mulik, The Elite Mr. Muhlic, The Elite Mr. Muhlek, The Elite Mr. Muhlik, The Elite Mr. Muhlick, The Elite Mr. Mulik, The Elite Mr. Muhlic, The Elite Mr. Muhlek, The Elite Mr. Muhlik, The Elite Mr. Muhlick, The Elite Mr. Mulik, The Elite Mr. Muhlic, The Elite Mr. Muhlek, The Elite Mr. Muhlik, The Elite Mr. Muhlick, The Elite Mr. Mulik, The Elite Mr. Muhlic, The Elite Mr. Muhlek, The Elite Mr. Muhlik, The Elite Mr. Muhlick, The Elite Mr. Mulik, The Elite Mr. Muhlic, The Elite Mr. Muhlek, The Elite Mr. Muhlik, The Elite Mr. Muhlick, The Elite Mr. Mulik, The Elite Mr. Muhlic, The Elite Mr. Muhlek"
"MP5-SD | Kitbash (Minimal Wear)", "Kitbash, Kitbashh, Kitbsh, Kitbas, Kitbashh, Kitbsh, Kitbas, Kitbashh, Kitbsh, Kitbas, Kitbashh, Kitbsh, Kitbas, Kitbashh, Kitbsh, Kitbas, Kitbashh, Kitbsh, Kitbas, Kitbashh, Kitbsh, Kitbas, Kitbashh, Kitbsh, Kitbas, Kitbashh, Kitbsh, Kitbas, Kitbashh, Kitbsh, Kitbas, Kitbashh, Kitbsh, Kitbas, Kitbashh, Kitbsh, Kitbas, Kitbashh, Kitbsh, Kitbas, Kitbashh, Kitbsh, Kitbas, Kitbashh, Kitbsh, Kitbas, Kitbashh, Kitbsh, Kitbas, Kitbashh"
"Glock-18 | Vogue (Battle-Scarred)","Vogue, Vouge, Voge, Vugue, Voge, Vouge, Voge, Vugue, Voge, Vouge, Voge, Vugue, Voge, Vouge, Voge, Vugue, Voge, Vouge, Voge, Vugue, Voge, Vouge, Voge, Vugue, Voge, Vouge, Voge, Vugue, Voge, Vouge, Voge, Vugue, Voge, Vouge, Voge, Vugue, Voge, Vouge, Voge, Vugue, Voge, Vouge, Voge, Vugue, Voge, Vouge, Voge, Vugue, Voge, Vouge"
"Sawed-Off | Amber Fade (Factory New)","Amber Fade, Amber Fad, Amber Faid, Amber Faed, Amber Fadde, Amber Fad, Amber Faid, Amber Faed, Amber Fadde, Amber Fad, Amber Faid, Amber Faed, Amber Fadde, Amber Fad, Amber Faid, Amber Faed, Amber Fadde, Amber Fad, Amber Faid, Amber Faed, Amber Fadde, Amber Fad, Amber Faid, Amber Faed, Amber Fadde, Amber Fad, Amber Faid, Amber Faed, Amber Fadde, Amber Fad, Amber Faid, Amber Faed, Amber Fadde, Amber Fad, Amber Faid, Amber Faed, Amber Fadde, Amber Fad, Amber Faid, Amber Faed, Amber Fadde, Amber Fad, Amber Faid, Amber Faed, Amber Fadde, Amber Fad, Amber Faid, Amber Faed, Amber Fadde, Amber Fad"
"MP7 | Anodized Navy (Factory New)","Anodized Navy, Anodized Nav, Anodized Nvy, Anodized Nayy, Anodized Nacy, Anodized Nav, Anodized Nvy, Anodized Nayy, Anodized Nacy, Anodized Nav, Anodized Nvy, Anodized Nayy, Anodized Nacy, Anodized Nav, Anodized Nvy, Anodized Nayy, Anodized Nacy, Anodized Nav, Anodized Nvy, Anodized Nayy, Anodized Nacy, Anodized Nav, Anodized Nvy, Anodized Nayy, Anodized Nacy, Anodized Nav, Anodized Nvy, Anodized Nayy, Anodized Nacy, Anodized Nav, Anodized Nvy, Anodized Nayy, Anodized Nacy, Anodized Nav, Anodized Nvy, Anodized Nayy, Anodized Nacy, Anodized Nav, Anodized Nvy, Anodized Nayy, Anodized Nacy, Anodized Nav, Anodized Nvy, Anodized Nayy, Anodized Nacy, Anodized Nav, Anodized Nvy, Anodized Nayy, Anodized Nacy"
"FAMAS | Rapid Eye Movement (Field-Tested)","Rapid, Eye, Movement, Rapid eye, Rapid movement, Rapid move, rapid eye move, Rapid Eye Movement, Rapid Eye Movment, Rapid Eye Movemnt, Rapid Eye Movemant, Rapid Eye Movemant, Rapid Eye Movemant, Rapid Eye Movemant, Rapid Eye Movemant, Rapid Eye Movemant, Rapid Eye Movemant, Rapid Eye Movemant, Rapid Eye Movemant, Rapid Eye Movemant, Rapid Eye Movemant, Rapid Eye Movemant, Rapid Eye Movemant, Rapid Eye Movemant, Rapid Eye Movemant, Rapid Eye Movemant, Rapid Eye Movemant, Rapid Eye Movemant, Rapid Eye Movemant, Rapid Eye Movemant, Rapid Eye Movemant, Rapid Eye Movemant, Rapid Eye Movemant, Rapid Eye Movemant, Rapid Eye Movemant, Rapid Eye Movemant, Rapid Eye Movemant, Rapid Eye Movemant, Rapid Eye Movemant, Rapid Eye Movemant, Rapid Eye Movemant, Rapid Eye Movemant, Rapid Eye Movemant, Rapid Eye Movemant, Rapid Eye Movemant, Rapid Eye Movemant, Rapid Eye Movemant, Rapid Eye Movemant, Rapid Eye Movemant, Rapid Eye Movemant, Rapid Eye Movemant, Rapid Eye Movemant, Rapid Eye Movemant, Rapid Eye Movemant, Rapid Eye Movemant, Rapid Eye Movemant, Rapid Eye Movemant"
"P250 | Franklin (Minimal Wear)","Franklin, Frankln, Franklyn, Frankin, Franclin, Franklinn, Frankln, Franklyn, Frankin, Franclin, Franklinn, Frankln, Franklyn, Frankin, Franclin, Franklinn, Frankln, Franklyn, Frankin, Franclin, Franklinn, Frankln, Franklyn, Frankin, Franclin, Franklinn, Frankln, Franklyn, Frankin, Franclin, Franklinn, Frankln, Franklyn, Frankin, Franclin, Franklinn, Frankln, Franklyn, Frankin, Franclin, Franklinn, Frankln, Franklyn, Frankin, Franclin, Franklinn, Frankln, Franklyn, Frankin, Franclin, Franklinn"
"StatTrak™ Glock-18 | Moonrise (Field-Tested)","Moonrise, Moonrize, Monrise, Moonrisee, Moonrse, Moonrisse, Moonrise, Moonrize, Monrise, Moonrisee, Moonrse, Moonrisse, Moonrise, Moonrize, Monrise, Moonrisee, Moonrse, Moonrisse, Moonrise, Moonrize, Monrise, Moonrisee, Moonrse, Moonrisse, Moonrise, Moonrize, Monrise, Moonrisee, Moonrse, Moonrisse, Moonrise, Moonrize, Monrise, Moonrisee, Moonrse, Moonrisse, Moonrise, Moonrize, Monrise, Moonrisee, Moonrse, Moonrisse, Moonrise, Moonrize, Monrise, Moonrisee, Moonrse, Moonrisse, Moonrise, Moonrize, Monrise"
"Galil AR | Tuxedo (Factory New)","Tuxedo, Tuxedo, Tuxedo, Tuxedo, Tuxedo, Tuxedo, Tuxedo, Tuxedo, Tuxedo, Tuxedo, Tuxedo, Tuxedo, Tuxedo, Tuxedo, Tuxedo, Tuxedo, Tuxedo, Tuxedo, Tuxedo, Tuxedo, Tuxedo, Tuxedo, Tuxedo, Tuxedo, Tuxedo, Tuxedo, Tuxedo, Tuxedo, Tuxedo, Tuxedo, Tuxedo, Tuxedo, Tuxedo, Tuxedo, Tuxedo, Tuxedo, Tuxedo, Tuxedo, Tuxedo, Tuxedo, Tuxedo, Tuxedo, Tuxedo, Tuxedo, Tuxedo, Tuxedo, Tuxedo, Tuxedo, Tuxedo, Tuxedo"
"P250 | Nevermore (Minimal Wear)","Nevermore, Nevermor, Nevermoore, Nevermor, Nevermoore, Nevermor, Nevermoore, Nevermor, Nevermoore, Nevermor, Nevermoore, Nevermor, Nevermoore, Nevermor, Nevermoore, Nevermor, Nevermoore, Nevermor, Nevermoore, Nevermor, Nevermoore, Nevermor, Nevermoore, Nevermor, Nevermoore, Nevermor, Nevermoore, Nevermor, Nevermoore, Nevermor, Nevermoore, Nevermor, Nevermoore, Nevermor, Nevermoore, Nevermor, Nevermoore, Nevermor, Nevermoore, Nevermor, Nevermoore, Nevermor, Nevermoore, Nevermor, Nevermoore, Nevermor, Nevermoore, Nevermor, Nevermoore, Nevermor, Nevermoore"
"SG 553 | Anodized Navy (Factory New)","Anodized Navy, Anodized Nav, Anodized Nvy, Anodized Nayy, Anodized Nacy, Anodized Nav, Anodized Nvy, Anodized Nayy, Anodized Nacy, Anodized Nav, Anodized Nvy, Anodized Nayy, Anodized Nacy, Anodized Nav, Anodized Nvy, Anodized Nayy, Anodized Nacy, Anodized Nav, Anodized Nvy, Anodized Nayy, Anodized Nacy, Anodized Nav, Anodized Nvy, Anodized Nayy, Anodized Nacy, Anodized Nav, Anodized Nvy, Anodized Nayy, Anodized Nacy, Anodized Nav, Anodized Nvy, Anodized Nayy, Anodized Nacy, Anodized Nav, Anodized Nvy, Anodized Nayy, Anodized Nacy, Anodized Nav, Anodized Nvy, Anodized Nayy, Anodized Nacy, Anodized Nav, Anodized Nvy, Anodized Nayy, Anodized Nacy, Anodized Nav, Anodized Nvy, Anodized Nayy, Anodized Nacy"
"R8 Revolver | Banana Cannon (Minimal Wear)","Banana Cannon, Banana Canon, Banana Canonn, Banana Cannnon, Banana Canan, Banana Canonn, Banana Cannnon, Banana Canan, Banana Canonn, Banana Cannnon, Banana Canan, Banana Canonn, Banana Cannnon, Banana Canan, Banana Canonn, Banana Cannnon, Banana Canan, Banana Canonn, Banana Cannnon, Banana Canan, Banana Canonn, Banana Cannnon, Banana Canan, Banana Canonn, Banana Cannnon, Banana Canan, Banana Canonn, Banana Cannnon, Banana Canan, Banana Canonn, Banana Cannnon, Banana Canan, Banana Canonn, Banana Cannnon, Banana Canan, Banana Canonn, Banana Cannnon, Banana Canan, Banana Canonn, Banana Cannnon, Banana Canan, Banana Canonn, Banana Cannnon, Banana Canan, Banana Canonn, Banana Cannnon, Banana Canan, Banana Canonn, Banana Cannnon, Banana Canan"
"StatTrak™ Glock-18 | Umbral Rabbit (Field-Tested)","Umbral Rabbit, Umbral Rabit, Umbral Rabitt, Umbral Rbbit, Umbral Rbbit, Umbral Rabit, Umbral Rabitt, Umbral Rbbit, Umbral Rbbit, Umbral Rabit, Umbral Rabitt, Umbral Rbbit, Umbral Rbbit, Umbral Rabit, Umbral Rabitt, Umbral Rbbit, Umbral Rbbit, Umbral Rabit, Umbral Rabitt, Umbral Rbbit, Umbral Rbbit, Umbral Rabit, Umbral Rabitt, Umbral Rbbit, Umbral Rbbit, Umbral Rabit, Umbral Rabitt, Umbral Rbbit, Umbral Rbbit, Umbral Rabit, Umbral Rabitt, Umbral Rbbit, Umbral Rbbit, Umbral Rabit, Umbral Rabitt, Umbral Rbbit, Umbral Rbbit, Umbral Rabit, Umbral Rabitt, Umbral Rbbit, Umbral Rbbit, Umbral Rabit, Umbral Rabitt, Umbral Rbbit, Umbral Rbbit, Umbral Rabit, Umbral Rabitt, Umbral Rbbit, Umbral Rbbit"
"MP9 | Food Chain (Well-Worn)","Food Chain, Food Chian, Food Chainn, Food Chane, Food Chian, Food Chainn, Food Chane, Food Chian, Food Chainn, Food Chane, Food Chian, Food Chainn, Food Chane, Food Chian, Food Chainn, Food Chane, Food Chian, Food Chainn, Food Chane, Food Chian, Food Chainn, Food Chane, Food Chian, Food Chainn, Food Chane, Food Chian, Food Chainn, Food Chane, Food Chian, Food Chainn, Food Chane, Food Chian, Food Chainn, Food Chane, Food Chian, Food Chainn, Food Chane, Food Chian, Food Chainn, Food Chane, Food Chian, Food Chainn, Food Chane, Food Chian, Food Chainn, Food Chane, Food Chian, Food Chainn, Food Chane, Food Chian"
"P250 | See Ya Later (Field-Tested)","See Ya Later, See Ya Latter, See Ya Latar, See Ya Latr, See Ya Lter, See Ya Latter, See Ya Latar, See Ya Latr, See Ya Lter, See Ya Latter, See Ya Latar, See Ya Latr, See Ya Lter, See Ya Latter, See Ya Latar, See Ya Latr, See Ya Lter, See Ya Latter, See Ya Latar, See Ya Latr, See Ya Lter, See Ya Latter, See Ya Latar, See Ya Latr, See Ya Lter, See Ya Latter, See Ya Latar, See Ya Latr, See Ya Lter, See Ya Latter, See Ya Latar, See Ya Latr, See Ya Lter, See Ya Latter, See Ya Latar, See Ya Latr, See Ya Lter, See Ya Latter, See Ya Latar, See Ya Latr, See Ya Lter, See Ya Latter, See Ya Latar, See Ya Latr, See Ya Lter, See Ya Latter, See Ya Latar, See Ya Latr, See Ya Lter, See Ya Latter"
"AWP | Worm God (Factory New)","Worm God, WormGod, Worm god, Wormgod, Worn God, WornGod, Worn god, Wor God, WorGod, Wor god, Worm Gd, WormGod, Worm gd, WormGod, WormGod, WormGod, WormGod, WormGod, WormGod, WormGod, WormGod, WormGod, WormGod, WormGod, WormGod, WormGod, WormGod, WormGod, WormGod, WormGod, WormGod, WormGod, WormGod, WormGod, WormGod, WormGod, WormGod, WormGod, WormGod, WormGod, WormGod, WormGod, WormGod, WormGod, WormGod, WormGod, WormGod, WormGod, WormGod"
"SSG 08 | Abyss (Minimal Wear)","Abyss, Abys, Abysss, Abys, Abysss, Abys, Abysss, Abys, Abysss, Abys, Abysss, Abys, Abysss, Abys, Abysss, Abys, Abysss, Abys, Abysss, Abys, Abysss, Abys, Abysss, Abys, Abysss, Abys, Abysss, Abys, Abysss, Abys, Abysss, Abys, Abysss, Abys, Abysss, Abys, Abysss, Abys, Abysss, Abys, Abysss, Abys, Abysss, Abys, Abysss, Abys, Abysss, Abys, Abysss, Abys"
"MAC-10 | Allure (Minimal Wear)","Allure, Alure, Allur, Alluer, Alluree, Alure, Allur, Alluer, Alluree, Alure, Allur, Alluer, Alluree, Alure, Allur, Alluer, Alluree, Alure, Allur, Alluer, Alluree, Alure, Allur, Alluer, Alluree, Alure, Allur, Alluer, Alluree, Alure, Allur, Alluer, Alluree, Alure, Allur, Alluer, Alluree, Alure, Allur, Alluer, Alluree, Alure, Allur, Alluer, Alluree, Alure, Allur, Alluer, Alluree, Alure"
"Glock-18 | Moonrise (Minimal Wear)","Moonrise, Moonrize, Monrise, Moonrisee, Moonrse, Moonrisse, Moonrise, Moonrize, Monrise, Moonrisee, Moonrse, Moonrisse, Moonrise, Moonrize, Monrise, Moonrisee, Moonrse, Moonrisse, Moonrise, Moonrize, Monrise, Moonrisee, Moonrse, Moonrisse, Moonrise, Moonrize, Monrise, Moonrisee, Moonrse, Moonrisse, Moonrise, Moonrize, Monrise, Moonrisee, Moonrse, Moonrisse, Moonrise, Moonrize, Monrise, Moonrisee, Moonrse, Moonrisse, Moonrise, Moonrize, Monrise, Moonrisee, Moonrse, Moonrisse, Moonrise, Moonrize, Monrise"
"Glock-18 | Moonrise (Factory New)","Moonrise, Moonrize, Monrise, Moonrisee, Moonrse, Moonrisse, Moonrise, Moonrize, Monrise, Moonrisee, Moonrse, Moonrisse, Moonrise, Moonrize, Monrise, Moonrisee, Moonrse, Moonrisse, Moonrise, Moonrize, Monrise, Moonrisee, Moonrse, Moonrisse, Moonrise, Moonrize, Monrise, Moonrisee, Moonrse, Moonrisse, Moonrise, Moonrize, Monrise, Moonrisee, Moonrse, Moonrisse, Moonrise, Moonrize, Monrise, Moonrisee, Moonrse, Moonrisse, Moonrise, Moonrize, Monrise, Moonrisee, Moonrse, Moonrisse, Moonrise, Moonrize, Monrise"
"Glock-18 | Block-18 (Factory New)","Block-18, Blok-18, Blcok-18, Bloc-18, Blokc-18, Block 18, Blok 18, Blcok 18, Bloc 18, Blokc 18, Block18, Blok18, Blcok18, Bloc18, Blokc18, Block-8, Blok-8, Blcok-8, Bloc-8, Blokc-8, Block8, Blok8, Blcok8, Bloc8, Blokc8, Block-1, Blok-1, Blcok-1, Bloc-1, Blokc-1, Block1, Blok1, Blcok1, Bloc1, Blokc1, Block-19, Blok-19, Blcok-19, Bloc-19, Blokc-19, Block19, Blok19, Blcok19, Bloc19, Blokc19"
"'The Doctor' Romanov | Sabre","The Doctor Romanov, The Docter Romanov, The Doktor Romanov, The Doctar Romanov, The Doctro Romanov, The Doctro Romanov, The Docter Romanov, The Doktor Romanov, The Doctar Romanov, The Doctro Romanov, The Doctro Romanov, The Docter Romanov, The Doktor Romanov, The Doctar Romanov, The Doctro Romanov, The Doctro Romanov, The Docter Romanov, The Doktor Romanov, The Doctar Romanov, The Doctro Romanov, The Doctro Romanov, The Docter Romanov, The Doktor Romanov, The Doctar Romanov, The Doctro Romanov, The Doctro Romanov, The Docter Romanov, The Doktor Romanov, The Doctar Romanov, The Doctro Romanov, The Doctro Romanov, The Docter Romanov, The Doktor Romanov, The Doctar Romanov, The Doctro Romanov, The Doctro Romanov, The Docter Romanov, The Doktor Romanov, The Doctar Romanov, The Doctro Romanov, The Doctro Romanov, The Docter Romanov, The Doktor Romanov, The Doctar Romanov, The Doctro Romanov, The Doctro Romanov, The Docter Romanov, The Doktor Romanov, The Doctar Romanov"
"USP-S | Night Ops (Factory New)","Night Ops, Night Op, Night Opps, Night Opss, Nite Ops, Nite Op, Nite Opps, Nite Opss, Night Ops, Night Op, Night Opps, Night Opss, Nite Ops, Nite Op, Nite Opps, Nite Opss, Night Ops, Night Op, Night Opps, Night Opss, Nite Ops, Nite Op, Nite Opps, Nite Opss, Night Ops, Night Op, Night Opps, Night Opss, Nite Ops, Nite Op, Nite Opps, Nite Opss, Night Ops, Night Op, Night Opps, Night Opss, Nite Ops, Nite Op, Nite Opps, Nite Opss, Night Ops, Night Op, Night Opps, Night Opss, Nite Ops, Nite Op, Nite Opps, Nite Opss, Night Ops, Night Op"
"Paris 2023 Overpass Souvenir Package","Paris 2023, Paris Souvenir, Paris Package, Paris Overpass, Overpass, Overpass package, Paris 2023 Overpass Souvenir Package, Paris 2023 Overpas Souvenir Package, Paris 2023 Overpass Souvenier Package, Paris 2023 Overpass Souvenr Package, Paris 2023 Overpass Souvenier Package, Paris 2023 Overpas Souvenir Package, Paris 2023 Overpass Souvenier Package, Paris 2023 Overpass Souvenr Package, Paris 2023 Overpass Souvenier Package, Paris 2023 Overpas Souvenir Package, Paris 2023 Overpass Souvenier Package, Paris 2023 Overpass Souvenr Package, Paris 2023 Overpass Souvenier Package, Paris 2023 Overpas Souvenir Package, Paris 2023 Overpass Souvenier Package, Paris 2023 Overpass Souvenr Package, Paris 2023 Overpass Souvenier Package, Paris 2023 Overpas Souvenir Package, Paris 2023 Overpass Souvenier Package, Paris 2023 Overpass Souvenr Package, Paris 2023 Overpass Souvenier Package, Paris 2023 Overpas Souvenir Package, Paris 2023 Overpass Souvenier Package, Paris 2023 Overpass Souvenr Package, Paris 2023 Overpass Souvenier Package, Paris 2023 Overpas Souvenir Package, Paris 2023 Overpass Souvenier Package, Paris 2023 Overpass Souvenr Package, Paris 2023 Overpass Souvenier Package, Paris 2023 Overpas Souvenir Package, Paris 2023 Overpass Souvenier Package, Paris 2023 Overpass Souvenr Package, Paris 2023 Overpass Souvenier Package, Paris 2023 Overpas Souvenir Package, Paris 2023 Overpass Souvenier Package, Paris 2023 Overpass Souvenr Package, Paris 2023 Overpass Souvenier Package, Paris 2023 Overpas Souvenir Package, Paris 2023 Overpass Souvenier Package, Paris 2023 Overpass Souvenr Package, Paris 2023 Overpass Souvenier Package, Paris 2023 Overpas Souvenir Package, Paris 2023 Overpass Souvenier Package, Paris 2023 Overpass Souvenr Package, Paris 2023 Overpass Souvenier Package, Paris 2023 Overpas Souvenir Package, Paris 2023 Overpass Souvenier Package"
"Dual Berettas | Melondrama (Minimal Wear)","Melondrama, Melondramma, Melondram, Melondramma, Melondram, Melondramma, Melondram, Melondramma, Melondram, Melondramma, Melondram, Melondramma, Melondram, Melondramma, Melondram, Melondramma, Melondram, Melondramma, Melondram, Melondramma, Melondram, Melondramma, Melondram, Melondramma, Melondram, Melondramma, Melondram, Melondramma, Melondram, Melondramma, Melondram, Melondramma, Melondram, Melondramma, Melondram, Melondramma, Melondram, Melondramma, Melondram, Melondramma, Melondram, Melondramma, Melondram, Melondramma, Melondram"
M4A4 | Tooth Fairy (Battle-Scarred)
M4A1-S | Night Terror (Minimal Wear)
Glock-18 | Candy Apple (Factory New)
R8 Revolver | Amber Fade (Factory New)
Galil AR | Signal (Minimal Wear)
AWP | Chromatic Aberration (Minimal Wear)
MP7 | Fade (Factory New)
P90 | Teardown (Factory New)
P90 | Neoqueen (Minimal Wear)
USP-S | Flashback (Minimal Wear)
Music Kit | TWERL and Ekko & Sidetrack Under Bright Lights
AK-47 | Nightwish (Battle-Scarred)
Glock-18 | Nuclear Garden (Field-Tested)
M4A1-S | Emphorosaur-S (Factory New)
AK-47 | Redline (Field-Tested)
Dual Berettas | Flora Carnivora (Minimal Wear)
Glock-18 | Vogue (Minimal Wear)
Music Kit | 3kliksphilip Heading for the Source
Berlin 2019 Legends Autograph Capsule
USP-S | Jawbreaker (Well-Worn)
Tec-9 | Brother (Minimal Wear)
MAG-7 | Monster Call (Minimal Wear)
StatTrak™ M4A1-S | Night Terror (Minimal Wear)
AWP | PAW (Field-Tested)
MP9 | Food Chain (Field-Tested)
M4A4 | Desolate Space (Well-Worn)
AUG | Surveillance (Field-Tested)
CZ75-Auto | Jungle Dashed (Field-Tested)
MP7 | Just Smile (Field-Tested)
AWP | Acheron (Factory New)
USP-S | Jawbreaker (Battle-Scarred)
P90 | Vent Rush (Minimal Wear)
M4A1-S | Mud-Spec (Factory New)
AWP | Duality (Battle-Scarred)
AK-47 | Uncharted (Factory New)
USP-S | Flashback (Field-Tested)
P250 | Nevermore (Field-Tested)
Galil AR | Connexion (Minimal Wear)
M4A4 | Tooth Fairy (Minimal Wear)
M4A1-S | Decimator (Field-Tested)
M4A1-S | Flashback (Minimal Wear)
Glock-18 | Vogue (Field-Tested)
M4A1-S | Emphorosaur-S (Well-Worn)
UMP-45 | Wild Child (Field-Tested)
Sticker | 9INE (Holo) | Paris 2023
P90 | Neoqueen (Factory New)
Galil AR | Signal (Field-Tested)
M4A1-S | Leaded Glass (Field-Tested)
Special Agent Ava | FBI
AK-47 | Point Disarray (Field-Tested)
AK-47 | Slate (Minimal Wear)
AWP | Chromatic Aberration (Field-Tested)
StatTrak™ AK-47 | Uncharted (Field-Tested)
AK-47 | Emerald Pinstripe (Battle-Scarred)
P250 | Forest Night (Field-Tested)
Glock-18 | Block-18 (Minimal Wear)
AWP | Neo-Noir (Field-Tested)
M4A1-S | Night Terror (Well-Worn)
AWP | Phobos (Field-Tested)
Zeus x27 | Olympus (Field-Tested)
XM1014 | Entombed (Field-Tested)
M4A4 | Etch Lord (Battle-Scarred)
Galil AR | Tuxedo (Minimal Wear)
AK-47 | Phantom Disruptor (Minimal Wear)
Name Tag
Glock-18 | Umbral Rabbit (Minimal Wear)
M4A4 | Etch Lord (Minimal Wear)
AWP | Atheris (Well-Worn)
AK-47 | Ice Coaled (Battle-Scarred)
Five-SeveN | Hybrid (Field-Tested)
Five-SeveN | Hybrid (Minimal Wear)
Galil AR | Chromatic Aberration (Well-Worn)
Five-SeveN | Hybrid (Well-Worn)
AWP | Mortis (Minimal Wear)
Sawed-Off | Analog Input (Factory New)
MP7 | Just Smile (Well-Worn)
Five-SeveN | Silver Quartz (Factory New)
AWP | Duality (Minimal Wear)
Desert Eagle | Urban Rubble (Factory New)
StatTrak™ MP5-SD | Kitbash (Field-Tested)
USP-S | Ticket to Hell (Factory New)
M4A4 | Magnesium (Minimal Wear)
Sawed-Off | Analog Input (Field-Tested)
Music Kit | Sullivan King Lock Me Up
M4A1-S | Night Terror (Battle-Scarred)
M249 | Downtown (Minimal Wear)
Espionage Sticker Capsule
FAMAS | Teardown (Factory New)
M4A4 | Tooth Fairy (Field-Tested)
P2000 | Wicked Sick (Field-Tested)
Dreams & Nightmares Case
MP7 | Bloodsport (Minimal Wear)
Sawed-Off | Analog Input (Minimal Wear)
USP-S | Jawbreaker (Field-Tested)
MP7 | Just Smile (Minimal Wear)
Dragomir | Sabre
AK-47 | Emerald Pinstripe (Well-Worn)
Copenhagen 2024 Overpass Souvenir Package
AWP | Atheris (Minimal Wear)
AK-47 | Head Shot (Well-Worn)
AK-47 | Elite Build (Well-Worn)
M4A4 | Etch Lord (Field-Tested)
Music Kit | bbno$, u mad!
AWP | Pit Viper (Minimal Wear)
M4A4 | Spider Lily (Field-Tested)
AWP | Atheris (Battle-Scarred)
XM1014 | Charter (Field-Tested)
Galil AR | Chromatic Aberration (Field-Tested)
Operation Breakout Weapon Case
AWP | Phobos (Minimal Wear)
AWP | Black Nile (Minimal Wear)
USP-S | Jawbreaker (Minimal Wear)
Berlin 2019 Legends (Holo-Foil)
Sticker | Natus Vincere (Holo) | Paris 2023
Sawed-Off | Brake Light (Factory New)
AWP | PAW (Minimal Wear)
StatTrak™ AWP | Capillary (Field-Tested)
M4A4 | The Emperor (Field-Tested)
Prof. Shahmat | Elite Crew
M4A1-S | Black Lotus (Minimal Wear)
Sawed-Off | Full Stop (Factory New)
AK-47 | Asiimov (Field-Tested)
Zeus x27 | Olympus (Minimal Wear)
M4A4 | Neo-Noir (Field-Tested)
Sticker | Drug War Veteran
USP-S | The Traitor (Field-Tested)
Rio 2022 Dust II Souvenir Package
R8 Revolver | Crazy 8 (Minimal Wear)
AK-47 | Slate (Battle-Scarred)
AWP | Black Nile (Field-Tested)
AK-47 | Nightwish (Well-Worn)
AWP | Acheron (Minimal Wear)
AK-47 | Slate (Well-Worn)
'Two Times' McCoy | TACP Cavalry
Glock-18 | Water Elemental (Field-Tested)
Music Kit | The Verkkars & n0thing Flashbang Dance
Glove Case
MP7 | Bloodsport (Field-Tested)
Five-SeveN | Hybrid (Battle-Scarred)
M4A4 | Etch Lord (Well-Worn)
M4A1-S | Black Lotus (Field-Tested)
AWP | Duality (Field-Tested)
AK-47 | Nightwish (Field-Tested)
XM1014 | Entombed (Minimal Wear)
StatTrak™ M4A1-S | Emphorosaur-S (Field-Tested)
StatTrak™ Galil AR | Connexion (Field-Tested)
AK-47 | Phantom Disruptor (Field-Tested)
Sawed-Off | Kiss♥Love (Field-Tested)
M4A1-S | Emphorosaur-S (Minimal Wear)
MAC-10 | Disco Tech (Field-Tested)
P250 | Visions (Field-Tested)
SG 553 | Dragon Tech (Minimal Wear)
SSG 08 | Acid Fade (Factory New)
PP-Bizon | Brass (Field-Tested)
Glock-18 | Block-18 (Field-Tested)
MP9 | Starlight Protector (Field-Tested)
Maximus | Sabre
MP7 | Just Smile (Battle-Scarred)
MP9 | Army Sheen (Minimal Wear)
USP-S | Cyrex (Minimal Wear)
Sticker | Cedar Creek (Holo)
M4A1-S | Leaded Glass (Minimal Wear)
Seal Team 6 Soldier | NSWC SEAL
Gamma Case
P2000 | Amber Fade (Field-Tested)
AK-47 | Frontside Misty (Field-Tested)
AK-47 | Steel Delta (Minimal Wear)
Sticker Capsule
'Two Times' McCoy | USAF TACP
Sticker | Fnatic (Holo) | Paris 2023
SG 553 | Damascus Steel (Field-Tested)
M4A4 | Evil Daimyo (Minimal Wear)
Sticker | Team Liquid (Holo) | Paris 2023
M4A4 | Temukau (Field-Tested)
Safecracker Voltzmann | The Professionals
Revolver Case
USP-S | Ticket to Hell (Minimal Wear)
AK-47 | Safety Net (Field-Tested)
Operation Broken Fang Case
Desert Eagle | Printstream (Field-Tested)
AK-47 | Legion of Anubis (Field-Tested)
P250 | Asiimov (Field-Tested)
Gamma 2 Case
Paris 2023 Anubis Souvenir Package
Paris 2023 Vertigo Souvenir Package
AWP | Worm God (Minimal Wear)
AK-47 | Uncharted (Minimal Wear)
StatTrak™ M4A1-S | Night Terror (Field-Tested)
CS:GO Weapon Case
USP-S | Lead Conduit (Well-Worn)
M4A4 | Desolate Space (Field-Tested)
USP-S | Cortex (Well-Worn)
AK-47 | Neon Revolution (Field-Tested)
Ground Rebel  | Elite Crew
Spectrum Case
Paris 2023 Mirage Souvenir Package
M4A4 | Evil Daimyo (Field-Tested)
Music Kit | ISOxo inhuman
Operator | FBI SWAT
MAC-10 | Sakkaku (Field-Tested)
AWP | Mortis (Field-Tested)
M4A1-S | VariCamo (Factory New)
Music Kit | Meechy Darko Gothic Luxury
AWP | Atheris (Field-Tested)
AWP | Worm God (Field-Tested)
USP-S | Cortex (Battle-Scarred)
Winter Offensive Weapon Case
AK-47 | Legion of Anubis (Minimal Wear)
AK-47 | Legion of Anubis (Battle-Scarred)
USP-S | Ticket to Hell (Well-Worn)
10 Year Birthday Sticker Capsule
AK-47 | Rat Rod (Field-Tested)
Desert Eagle | Meteorite (Field-Tested)
AK-47 | Slate (Field-Tested)
USP-S | Lead Conduit (Field-Tested)
StatTrak™ USP-S | Ticket to Hell (Field-Tested)
USP-S | Torque (Field-Tested)
AK-47 | Elite Build (Battle-Scarred)
Chroma 2 Case
AK-47 | Elite Build (Field-Tested)
USP-S | Cortex (Field-Tested)
Music Kit | The Verkkars EZ4ENCE
StatTrak™ Desert Eagle | Blue Ply (Field-Tested)
M4A4 | In Living Color (Field-Tested)
USP-S | Printstream (Field-Tested)
Anubis Collection Package
Operation Wildfire Case
Spectrum 2 Case
AK-47 | Elite Build (Minimal Wear)
Desert Eagle | Oxide Blaze (Factory New)
Desert Eagle | Mecha Industries (Minimal Wear)
Operation Hydra Case
StatTrak™ M4A4 | Magnesium (Field-Tested)
Music Kit | Knock2 Make U SWEAT!
AK-47 | Ice Coaled (Minimal Wear)
M4A1-S | Nightmare (Field-Tested)
Buckshot | NSWC SEAL
Prisma Case
USP-S | Cyrex (Field-Tested)
AK-47 | Steel Delta (Field-Tested)
AK-47 | Emerald Pinstripe (Minimal Wear)
CS20 Case
AK-47 | Emerald Pinstripe (Field-Tested)
AK-47 | Ice Coaled (Field-Tested)
USP-S | Black Lotus (Minimal Wear)
Sticker | FURIA (Holo) | Paris 2023
Sticker | Co Co Co
Shattered Web Case
eSports 2014 Summer Case
CZ75-Auto | Tuxedo (Factory New)
Stockholm 2021 Challengers Sticker Capsule
Desert Eagle | Corinthian (Factory New)
Music Kit | KILL SCRIPT All Night
Operation Bravo Case
AK-47 | Head Shot (Battle-Scarred)
Music Kit | Juelz Shooters
StatTrak™ Desert Eagle | Bronze Deco (Field-Tested)
Chroma 3 Case
USP-S | Torque (Factory New)
Horizon Case
R8 Revolver | Blaze (Factory New)
Danger Zone Case
M4A1-S | VariCamo (Field-Tested)
M4A1-S | Nitro (Minimal Wear)
AK-47 | Nightwish (Minimal Wear)
Prisma 2 Case
StatTrak™ Desert Eagle | Blue Ply (Well-Worn)
Stockholm 2021 Finalists Autograph Capsule
Desert Eagle | Meteorite (Minimal Wear)
Soldier | Phoenix
Stockholm 2021 Legends Sticker Capsule
Sticker | MOUZ (Holo) | Paris 2023
Sticker | Fluxo (Holo) | Paris 2023
AWP | Exoskeleton (Field-Tested)
Sticker | FaZe Clan (Holo) | Paris 2023
Desert Eagle | Trigger Discipline (Field-Tested)
Music Kit | Denzel Curry ULTIMATE
Sticker | Loving Eyes (Holo)
Operation Phoenix Weapon Case
Chroma Case
Huntsman Weapon Case
CZ75-Auto | Tuxedo (Minimal Wear)
Sticker | Complexity Gaming (Holo) | Paris 2023
USP-S | Cortex (Minimal Wear)
Desert Eagle | Light Rail (Minimal Wear)
Paris 2023 Ancient Souvenir Package
1st Lieutenant Farlow | SWAT
Music Kit | Rad Cat Reason
Sticker | Gold Web
USP-S | Torque (Minimal Wear)
Operation Vanguard Weapon Case
Desert Eagle | Meteorite (Factory New)
SSG 08 | Prey (Factory New)
AK-47 | Head Shot (Field-Tested)
SG 553 | Damascus Steel (Minimal Wear)
Desert Eagle | Trigger Discipline (Minimal Wear)
AK-47 | Uncharted (Well-Worn)
SSG 08 | Fever Dream (Minimal Wear)
Stockholm 2021 Contenders Sticker Capsule
Shadow Case
PP-Bizon | Brass (Minimal Wear)
3rd Commando Company | KSK
P250 | Asiimov (Battle-Scarred)
FAMAS | ZX Spectron (Field-Tested)
AWP | Doodle Lore (Field-Tested)
USP-S | Check Engine (Minimal Wear)
P250 | Drought (Factory New)
USP-S | Cyrex (Factory New)
StatTrak™ USP-S | Ticket to Hell (Minimal Wear)
CS:GO Weapon Case 3
USP-S | Black Lotus (Field-Tested)
M4A1-S | VariCamo (Minimal Wear)
P2000 | Amber Fade (Minimal Wear)
Slingshot | Phoenix
USP-S | Black Lotus (Battle-Scarred)
Desert Eagle | Mecha Industries (Field-Tested)
USP-S | Check Engine (Factory New)
Operation Riptide Case
Markus Delrow | FBI HRT
Sticker | Broken Fang
StatTrak™ Desert Eagle | Oxide Blaze (Field-Tested)
Desert Eagle | Light Rail (Field-Tested)
Falchion Case
Sticker | Vitality (Holo) | Paris 2023
Copenhagen 2024 Mirage Souvenir Package
Desert Eagle | Light Rail (Well-Worn)
Osiris | Elite Crew
CS:GO Weapon Case 2
P2000 | Amber Fade (Factory New)
Kilowatt Case
Desert Eagle | Light Rail (Battle-Scarred)
StatTrak™ Desert Eagle | Trigger Discipline (Field-Tested)
Community Sticker Capsule 1
Sticker Capsule 2
Enforcer | Phoenix
Lt. Commander Ricksaw | NSWC SEAL
B Squadron Officer | SAS